{"cameraMode":{"drawMode":0,"name":"Shaded","section":"Shading Mode"},"sceneLighting":false,"audioPlay":false,"sceneViewState":{"m_AlwaysRefresh":false,"showFog":true,"showSkybox":false,"showFlares":true,"showImageEffects":true,"showParticleSystems":true,"showVisualEffectGraphs":true,"m_FxEnabled":true},"in2DMode":false,"pivot":{"x":0.49074703454971316,"y":0.4366089403629303,"z":-0.11203370988368988},"rotation":{"x":-0.0019683712162077429,"y":0.9924615025520325,"z":-0.1214928925037384,"w":-0.01607845351099968},"size":1.0428720712661744,"orthographic":false}